row_type,mode,training_seed,seed_count,run_name,checkpoint,cfg_path,slurm_id,ema_fac,n_eval,eval_seed,endpoint_sliced_w2_direct,endpoint_sliced_w2_euler_5,endpoint_sliced_w2_euler_10,endpoint_sliced_w2_euler_25,endpoint_sliced_w2_euler_50,endpoint_sliced_w2_euler_100,endpoint_sliced_w2_flowmap_1,endpoint_sliced_w2_flowmap_2,endpoint_sliced_w2_flowmap_5,endpoint_sliced_w2_flowmap_10,endpoint_sliced_w2_flowmap_25,marginal_sliced_w2_direct_t0_25,marginal_sliced_w2_euler_5_t0_25,marginal_sliced_w2_euler_10_t0_25,marginal_sliced_w2_euler_25_t0_25,marginal_sliced_w2_euler_50_t0_25,marginal_sliced_w2_euler_100_t0_25,marginal_sliced_w2_direct_t0_50,marginal_sliced_w2_euler_5_t0_50,marginal_sliced_w2_euler_10_t0_50,marginal_sliced_w2_euler_25_t0_50,marginal_sliced_w2_euler_50_t0_50,marginal_sliced_w2_euler_100_t0_50,marginal_sliced_w2_direct_t0_75,marginal_sliced_w2_euler_5_t0_75,marginal_sliced_w2_euler_10_t0_75,marginal_sliced_w2_euler_25_t0_75,marginal_sliced_w2_euler_50_t0_75,marginal_sliced_w2_euler_100_t0_75,analytic_point_violation_pct,analytic_node_trajectory_violation_rate,analytic_trajectory_violation_rate,direct_point_violation_pct,direct_node_trajectory_violation_rate,direct_trajectory_violation_rate,euler_5_point_violation_pct,euler_5_node_trajectory_violation_rate,euler_5_trajectory_violation_rate,euler_10_point_violation_pct,euler_10_node_trajectory_violation_rate,euler_10_trajectory_violation_rate,euler_25_point_violation_pct,euler_25_node_trajectory_violation_rate,euler_25_trajectory_violation_rate,euler_50_point_violation_pct,euler_50_node_trajectory_violation_rate,euler_50_trajectory_violation_rate,euler_100_point_violation_pct,euler_100_node_trajectory_violation_rate,euler_100_trajectory_violation_rate,flowmap_1_point_violation_pct,flowmap_1_node_trajectory_violation_rate,flowmap_1_trajectory_violation_rate,flowmap_2_point_violation_pct,flowmap_2_node_trajectory_violation_rate,flowmap_2_trajectory_violation_rate,flowmap_5_point_violation_pct,flowmap_5_node_trajectory_violation_rate,flowmap_5_trajectory_violation_rate,flowmap_10_point_violation_pct,flowmap_10_node_trajectory_violation_rate,flowmap_10_trajectory_violation_rate,flowmap_25_point_violation_pct,flowmap_25_node_trajectory_violation_rate,flowmap_25_trajectory_violation_rate
per_seed,constrained-flow-map,10,,constrained-flow-map-10,/mnt/pdata/hmka3/flow-maps/outputs/box_avoiding_bezier_comparison/constrained-flow-map-10_4.pkl,configs.box_avoiding_bezier_comparison,3,0.9999,4096,12345,0.5018414233,0.5860593007,0.4484647043,0.3496829406,0.3405138886,0.3207944015,0.5291837596,0.4200542384,0.3538929656,0.3467102805,0.3413167057,0.2835313226,0.6957753787,0.5238332223,0.3392773512,0.3397602936,0.3172650199,0.4132546483,0.7616899711,0.4634564577,0.4719940802,0.4506413912,0.4528757634,0.3957637963,0.3137272716,0.3005227302,0.3322288776,0.3380178065,0.362382955,0.01509897132,0.01782226562,0.02026367188,4.386616467,0.3312988281,0.3386230469,3.137207031,0.09741210938,0.5612792969,1.580255682,0.09204101562,0.2551269531,0.8375901442,0.1105957031,0.1789550781,0.763537837,0.150390625,0.1862792969,0.7454749381,0.1772460938,0.1979980469,0,0,0.9997558594,1.765950521,0.05297851562,0.861328125,3.308105469,0.1259765625,0.3081054688,1.824396307,0.1284179688,0.294921875,1.313664363,0.185546875,0.2673339844
per_seed,constrained-flow-map,11,,constrained-flow-map-11,/mnt/pdata/hmka3/flow-maps/outputs/box_avoiding_bezier_comparison/constrained-flow-map-11_4.pkl,configs.box_avoiding_bezier_comparison,3,0.9999,4096,12345,0.4743753409,0.4416750422,0.3235172727,0.3099405426,0.3293439564,0.313960939,0.5052979665,0.4523274761,0.3780034458,0.3688439842,0.3552040112,0.2487637025,0.6946365818,0.5064735642,0.253823951,0.2449541849,0.2088945279,0.3859360016,0.7186680714,0.3003331387,0.3351600562,0.2952978265,0.3033715697,0.4057796087,0.1769917579,0.2246630711,0.2690535906,0.2964117253,0.3222495955,0.01509897132,0.01782226562,0.02026367188,5.310454333,0.5166015625,0.5239257812,3.043619792,0.09521484375,0.5688476562,2.219460227,0.1528320312,0.3605957031,2.131535457,0.3056640625,0.4208984375,2.576880362,0.4243164062,0.490234375,2.869014929,0.4985351562,0.5302734375,0,0,0.9997558594,1.611328125,0.04833984375,0.9689941406,9.375,0.4873046875,0.6865234375,4.674183239,0.4145507812,0.6435546875,3.693096454,0.4926757812,0.6196289062
per_seed,constrained-flow-map,6,,constrained-flow-map-6,/mnt/pdata/hmka3/flow-maps/outputs/box_avoiding_bezier_comparison/constrained-flow-map-6_4.pkl,configs.box_avoiding_bezier_comparison,3,0.9999,4096,12345,0.4247498623,0.484371834,0.3705578409,0.3122988772,0.3131639316,0.2933568965,0.4479730419,0.3796548215,0.3375399542,0.342189596,0.3276828502,0.2196610532,0.743576004,0.517872859,0.2501451063,0.2264764551,0.1819934873,0.3304813232,0.7345640427,0.2956382251,0.3172237138,0.2491100832,0.2446678212,0.3302394428,0.2364289578,0.229640016,0.2496107602,0.2532199084,0.2797127432,0.01509897132,0.01782226562,0.02026367188,4.287925207,0.3491210938,0.3564453125,4.809570312,0.1706542969,0.6459960938,2.670010653,0.1767578125,0.3793945312,2.14468149,0.2856445312,0.3701171875,2.368164062,0.3559570312,0.3986816406,2.575804455,0.3981933594,0.4189453125,0,0,0.9997558594,1.676432292,0.0498046875,0.8598632812,6.209309896,0.30078125,0.4729003906,3.739790483,0.3059082031,0.4765625,3.198242188,0.3857421875,0.4704589844
per_seed,constrained-flow-map,7,,constrained-flow-map-7,/mnt/pdata/hmka3/flow-maps/outputs/box_avoiding_bezier_comparison/constrained-flow-map-7_4.pkl,configs.box_avoiding_bezier_comparison,3,0.9999,4096,12345,0.5687395084,0.4670889566,0.3898582628,0.3961411194,0.4187251396,0.3950588353,0.602423413,0.4988905483,0.4258110256,0.4318190775,0.4312691759,0.2455838745,0.7289926186,0.5435954207,0.3401206807,0.330879609,0.2989848549,0.3998175094,0.832653842,0.5144863537,0.5004053813,0.4504815538,0.44691037,0.493833676,0.3436827169,0.3412618237,0.3803243966,0.3918934132,0.4130294289,0.01509897132,0.01782226562,0.02026367188,4.275078904,0.3405761719,0.34765625,2.506510417,0.0771484375,0.57421875,2.377041903,0.1728515625,0.4279785156,2.865835337,0.4240722656,0.5517578125,3.420362286,0.5637207031,0.6306152344,3.817054069,0.63671875,0.6726074219,0.01220703125,0.000244140625,0.9997558594,2.156575521,0.05029296875,0.9448242188,7.784016927,0.3974609375,0.6953125,5.215731534,0.4731445312,0.7153320312,4.735389123,0.615234375,0.7373046875
per_seed,constrained-flow-map,8,,constrained-flow-map-8,/mnt/pdata/hmka3/flow-maps/outputs/box_avoiding_bezier_comparison/constrained-flow-map-8_4.pkl,configs.box_avoiding_bezier_comparison,3,0.9999,4096,12345,0.4999841634,0.3547053594,0.2181100513,0.150157611,0.13244677,0.1314745029,0.5288291706,0.3112449263,0.1734457807,0.1633073001,0.1424714439,0.2008282475,0.722923702,0.490010966,0.2288947391,0.2058808194,0.1666864122,0.315410341,0.7013214455,0.2901399316,0.2586193087,0.2190679364,0.2159291616,0.3275066086,0.2693862532,0.2839555513,0.1914582704,0.2075004034,0.206351332,0.01509897132,0.01782226562,0.02026367188,3.78649324,0.2221679688,0.2253417969,3.430175781,0.111328125,0.6970214844,1.575816761,0.0966796875,0.2868652344,0.7709209736,0.1198730469,0.1999511719,0.7625804228,0.1684570312,0.2106933594,0.8080812964,0.205078125,0.2312011719,0,0,0.9997558594,1.668294271,0.05004882812,0.8115234375,3.072102865,0.119140625,0.2482910156,1.387162642,0.1040039062,0.2741699219,1.178448017,0.1896972656,0.2805175781
per_seed,constrained-flow-map,9,,constrained-flow-map-9,/mnt/pdata/hmka3/flow-maps/outputs/box_avoiding_bezier_comparison/constrained-flow-map-9_4.pkl,configs.box_avoiding_bezier_comparison,3,0.9999,4096,12345,0.4006676925,0.3840421041,0.3127158498,0.3334169167,0.3505931012,0.333876646,0.4199455244,0.3611816554,0.3497992604,0.3546049823,0.3576513039,0.2470302024,0.7696603292,0.5405646502,0.2774518541,0.2648006414,0.2220857809,0.3640224135,0.7676056963,0.3322345961,0.369296899,0.3301756714,0.3325919216,0.3306977989,0.2278469655,0.2886350264,0.3189079977,0.346080343,0.3635967042,0.01509897132,0.01782226562,0.02026367188,4.543085645,0.3295898438,0.333984375,5.139160156,0.1599121094,0.6867675781,3.235973011,0.2182617188,0.4807128906,2.904334435,0.4309082031,0.5766601562,3.36339614,0.5778808594,0.6501464844,3.718189202,0.6577148438,0.6918945312,0,0,1,1.692708333,0.05078125,0.9763183594,8.931477865,0.4621582031,0.74609375,4.927201705,0.4465332031,0.7426757812,4.487492488,0.6171875,0.7534179688
per_seed,constrained-flow-matching,10,,constrained-flow-matching-10,/mnt/pdata/hmka3/flow-maps/outputs/box_avoiding_bezier_comparison/constrained-flow-matching-10_4.pkl,configs.box_avoiding_bezier_comparison,2,0.9999,4096,12345,1.61558442,0.7394714141,0.6306843646,0.5722515275,0.561978999,0.5282547427,1.520555761,0.8176659609,0.611041058,0.5516266332,0.5312561892,0.3003043097,0.7958554163,0.5702517045,0.3194840125,0.3141704403,0.2846444265,0.7005208899,0.8780584573,0.5101556402,0.49495776,0.4513199633,0.4495119886,1.076975779,0.4412155398,0.3569162511,0.4232861627,0.4209516117,0.4466558751,0.01509897132,0.01782226562,0.02026367188,7.902119701,0.3020019531,0.3032226562,6.917317708,0.21875,0.6328125,2.820933949,0.1333007812,0.2290039062,0.9399414062,0.09301757812,0.138671875,0.621361826,0.1037597656,0.1369628906,0.5112449722,0.1174316406,0.1372070312,0,0,0.849609375,5.428059896,0.1628417969,0.3642578125,3.328450521,0.111328125,0.2377929688,1.962002841,0.09130859375,0.1752929688,0.918344351,0.1027832031,0.1572265625
per_seed,constrained-flow-matching,11,,constrained-flow-matching-11,/mnt/pdata/hmka3/flow-maps/outputs/box_avoiding_bezier_comparison/constrained-flow-matching-11_4.pkl,configs.box_avoiding_bezier_comparison,2,0.9999,4096,12345,1.924597351,0.6053974923,0.5172492561,0.471254477,0.4864682199,0.4528789797,1.82267866,0.6694125652,0.4737824862,0.4713748384,0.4776876349,0.293840393,0.7907636513,0.5550655064,0.2641144175,0.2520736225,0.2192579581,0.5777678222,0.8221630371,0.3358772597,0.3970066524,0.3508045402,0.355614757,1.021453113,0.2639108136,0.251327855,0.3596961369,0.3680211549,0.4047411381,0.01509897132,0.01782226562,0.02026367188,8.498468185,0.263671875,0.2641601562,7.299804688,0.2072753906,0.615234375,3.384676847,0.1672363281,0.3208007812,2.044208233,0.2614746094,0.3771972656,2.040249694,0.3610839844,0.4235839844,2.115079672,0.4213867188,0.4519042969,0,0,0.6999511719,5.834960938,0.1750488281,0.3845214844,4.471842448,0.1694335938,0.3322753906,3.480113636,0.2160644531,0.4089355469,2.63296274,0.3449707031,0.4658203125
per_seed,constrained-flow-matching,6,,constrained-flow-matching-6,/mnt/pdata/hmka3/flow-maps/outputs/box_avoiding_bezier_comparison/constrained-flow-matching-6_4.pkl,configs.box_avoiding_bezier_comparison,2,0.9999,4096,12345,2.597151483,0.5937865167,0.4619404902,0.4343205575,0.4442328293,0.4127430707,2.472663613,0.6842896339,0.3860212966,0.4044389096,0.4150812439,0.3427577699,0.779546548,0.5524113877,0.2760295695,0.2556823706,0.2149329551,1.198775543,0.9325572947,0.5196727202,0.4180627651,0.3469142972,0.3379079287,1.927029221,0.5863644812,0.3453972041,0.3275065771,0.3206199667,0.3422796869,0.01509897132,0.01782226562,0.02026367188,7.566350238,0.4616699219,0.462890625,7.629394531,0.2199707031,0.6252441406,3.464577415,0.1479492188,0.2658691406,1.344651442,0.1513671875,0.2497558594,1.134057138,0.2255859375,0.291015625,1.155437809,0.2807617188,0.31640625,0,0,0.5949707031,4.858398438,0.1457519531,0.3684082031,4.972330729,0.162109375,0.3041992188,3.102805398,0.150390625,0.3088378906,1.7578125,0.2211914062,0.3369140625
per_seed,constrained-flow-matching,7,,constrained-flow-matching-7,/mnt/pdata/hmka3/flow-maps/outputs/box_avoiding_bezier_comparison/constrained-flow-matching-7_4.pkl,configs.box_avoiding_bezier_comparison,2,0.9999,4096,12345,2.831686336,0.5722624691,0.4612015745,0.4082664593,0.414219838,0.3836128125,2.67115399,0.7884902885,0.4013801289,0.3867647651,0.3965692253,0.2757904342,0.833335385,0.5777997698,0.3198521597,0.3071567034,0.2736403784,0.6996740576,1.004182882,0.5882811171,0.4920711597,0.4354367094,0.4293657411,1.523343801,0.6196241285,0.3871079399,0.3752510181,0.3676859391,0.3937575391,0.01509897132,0.01782226562,0.02026367188,7.299561156,0.3142089844,0.3154296875,7.527669271,0.2233886719,0.7265625,3.287020597,0.1455078125,0.2614746094,1.235727163,0.1596679688,0.2609863281,1.102462469,0.232421875,0.2958984375,1.142384746,0.2854003906,0.3127441406,0,0,0.5405273438,5.029296875,0.1508789062,0.3459472656,3.751627604,0.1394042969,0.2697753906,2.545720881,0.1401367188,0.3059082031,1.570951022,0.2153320312,0.3244628906
per_seed,constrained-flow-matching,8,,constrained-flow-matching-8,/mnt/pdata/hmka3/flow-maps/outputs/box_avoiding_bezier_comparison/constrained-flow-matching-8_4.pkl,configs.box_avoiding_bezier_comparison,2,0.9999,4096,12345,1.50813539,0.5568444447,0.4305326369,0.3557344123,0.3572598241,0.3300398314,1.442394252,0.6390770095,0.3864911736,0.3472075133,0.3462622324,0.2689230757,0.8074734044,0.5535829967,0.239498452,0.2091043079,0.1521272719,0.5093337482,0.8396048078,0.3383330286,0.3224346096,0.2334793291,0.2306859565,0.813801276,0.3152403958,0.1855226658,0.2392526262,0.2303966069,0.2632462038,0.01509897132,0.01782226562,0.02026367188,8.701634585,0.25,0.2514648438,8.166503906,0.2248535156,0.7121582031,3.051757812,0.14453125,0.2368164062,0.7784329928,0.07958984375,0.1298828125,0.4715265012,0.09521484375,0.1337890625,0.3853070854,0.1184082031,0.142578125,0,0,0.8623046875,5.900065104,0.1770019531,0.376953125,3.487141927,0.1135253906,0.2387695312,2.155095881,0.09619140625,0.1860351562,0.8817232572,0.09814453125,0.169921875
per_seed,constrained-flow-matching,9,,constrained-flow-matching-9,/mnt/pdata/hmka3/flow-maps/outputs/box_avoiding_bezier_comparison/constrained-flow-matching-9_4.pkl,configs.box_avoiding_bezier_comparison,2,0.9999,4096,12345,0.7043149901,0.559185281,0.4904047801,0.5117559027,0.5306099327,0.4963108078,0.6692907229,0.4695912411,0.4626660444,0.4918895644,0.5010082389,0.2878065389,0.8425042262,0.5808814429,0.3289743816,0.3140750311,0.2741668481,0.5007158061,0.8857478757,0.5277862993,0.5083778839,0.4560081367,0.4493541443,0.5162047123,0.4168872406,0.3993947688,0.4393063932,0.4486982104,0.4592728422,0.01509897132,0.01782226562,0.02026367188,8.637707489,0.2370605469,0.2380371094,9.623209635,0.2490234375,0.7907714844,4.8828125,0.25390625,0.515625,4.08184345,0.4946289062,0.6154785156,4.335171569,0.6123046875,0.6755371094,4.558177986,0.6760253906,0.7026367188,0,0,0.9963378906,5.647786458,0.1694335938,0.4245605469,5.594889323,0.2497558594,0.4536132812,5.149147727,0.3618164062,0.6225585938,4.981407752,0.5847167969,0.7004394531
per_seed,vanilla-flow-map,10,,vanilla-flow-map-10,/mnt/pdata/hmka3/flow-maps/outputs/box_avoiding_bezier_comparison/vanilla-flow-map-10_4.pkl,configs.box_avoiding_bezier_comparison,1,0.9999,4096,12345,0.5762983831,0.6960963749,0.5260690766,0.3945286809,0.3676174676,0.3465974701,0.6122809887,0.4429908258,0.359718965,0.3462072061,0.3462851753,0.2858961654,0.668113499,0.5053007136,0.3209211749,0.3220941493,0.2998665942,0.4352255458,0.7471858806,0.4340502208,0.460052206,0.4305834152,0.4319911918,0.4668454511,0.3358916933,0.2831898509,0.3346244022,0.3297350602,0.3593505995,0.01509897132,0.01782226562,0.02026367188,7.770916946,0.4172363281,0.4223632812,3.340657552,0.09228515625,0.4733886719,1.424893466,0.0732421875,0.1799316406,0.4178560697,0.052734375,0.09204101562,0.2494064032,0.05859375,0.08374023438,0.2100576269,0.06372070312,0.07983398438,0.244140625,0.0048828125,0.9997558594,2.612304688,0.07739257812,0.8122558594,3.515625,0.1091308594,0.2067871094,1.455965909,0.0869140625,0.1906738281,0.6375826322,0.0869140625,0.138671875
per_seed,vanilla-flow-map,11,,vanilla-flow-map-11,/mnt/pdata/hmka3/flow-maps/outputs/box_avoiding_bezier_comparison/vanilla-flow-map-11_4.pkl,configs.box_avoiding_bezier_comparison,1,0.9999,4096,12345,0.5645110964,0.4710005201,0.322162286,0.3067864278,0.3268089949,0.3102648897,0.5986832415,0.4776178144,0.3771147075,0.3599442335,0.3490935213,0.2456472114,0.6688961328,0.4903532988,0.2262605875,0.2109707381,0.1634608339,0.382744065,0.696749278,0.2389263894,0.2943184098,0.2314014878,0.2353949755,0.438167126,0.1431463302,0.1567061489,0.2209879367,0.2427147983,0.2689785881,0.01509897132,0.01782226562,0.02026367188,6.770610096,0.4057617188,0.4111328125,2.905273438,0.0810546875,0.5124511719,1.533647017,0.08081054688,0.2607421875,1.353102464,0.2124023438,0.3269042969,1.592658548,0.3264160156,0.3962402344,1.79987237,0.400390625,0.4353027344,0.048828125,0.0009765625,0.9997558594,2.368164062,0.07104492188,0.9567871094,8.251953125,0.4025878906,0.5837402344,3.959517045,0.3415527344,0.5549316406,2.618877704,0.3967285156,0.5366210938
per_seed,vanilla-flow-map,6,,vanilla-flow-map-6,/mnt/pdata/hmka3/flow-maps/outputs/box_avoiding_bezier_comparison/vanilla-flow-map-6_4.pkl,configs.box_avoiding_bezier_comparison,1,0.9999,4096,12345,0.5764676016,0.5270698024,0.3933121071,0.3448544943,0.3560070978,0.3307695196,0.6056436334,0.4963889419,0.3988536857,0.3854974223,0.3718775881,0.2378052524,0.7327621942,0.5130992504,0.2438001006,0.2284784761,0.1888264892,0.364381698,0.7384737403,0.2909332121,0.3288819876,0.2704283457,0.2717769142,0.4271597477,0.2072741004,0.1842449267,0.2498553112,0.2592398107,0.2894941546,0.01509897132,0.01782226562,0.02026367188,7.599105264,0.4128417969,0.4184570312,4.166666667,0.1137695312,0.5749511719,2.274946733,0.1179199219,0.296875,1.78504357,0.234375,0.322265625,1.928710938,0.3088378906,0.36328125,2.034585783,0.3618164062,0.3911132812,0.4150390625,0.00830078125,0.9997558594,2.604166667,0.07275390625,0.8562011719,5.944824219,0.2622070312,0.4970703125,3.673206676,0.2788085938,0.4953613281,2.931565505,0.3625488281,0.4711914062
per_seed,vanilla-flow-map,7,,vanilla-flow-map-7,/mnt/pdata/hmka3/flow-maps/outputs/box_avoiding_bezier_comparison/vanilla-flow-map-7_4.pkl,configs.box_avoiding_bezier_comparison,1,0.9999,4096,12345,0.541103335,0.487404785,0.3867465981,0.3460372199,0.3590731021,0.3344524738,0.5718989214,0.4960573809,0.3982515271,0.3863126588,0.3720481155,0.2573477132,0.7524239904,0.5373291789,0.2931848225,0.2782127472,0.236764469,0.4260835924,0.8107056257,0.4111922532,0.4151843158,0.3558112869,0.355964287,0.5061771079,0.2782888183,0.2637042079,0.3083583658,0.3160911883,0.3367730293,0.01509897132,0.01782226562,0.02026367188,7.202452852,0.4150390625,0.4191894531,3.234863281,0.08984375,0.6213378906,2.190607244,0.1206054688,0.3010253906,1.669546274,0.2446289062,0.3447265625,1.781747855,0.3337402344,0.3991699219,1.959409808,0.4038085938,0.4389648438,0.1220703125,0.00244140625,0.9997558594,2.945963542,0.07250976562,0.91796875,5.700683594,0.2268066406,0.5256347656,3.679865057,0.2724609375,0.5246582031,2.98039363,0.4069824219,0.5334472656
per_seed,vanilla-flow-map,8,,vanilla-flow-map-8,/mnt/pdata/hmka3/flow-maps/outputs/box_avoiding_bezier_comparison/vanilla-flow-map-8_4.pkl,configs.box_avoiding_bezier_comparison,1,0.9999,4096,12345,0.6063104398,0.3948696898,0.2523025604,0.1715464096,0.1504842938,0.1473707074,0.6394346463,0.3950927438,0.2070320113,0.1779687787,0.1579614831,0.2240528212,0.7155845713,0.4904052338,0.2541843105,0.2403979367,0.2125523294,0.370128161,0.6995871644,0.3147742644,0.3226945681,0.2950040427,0.2969857413,0.4301369409,0.238132816,0.2680531734,0.2125685759,0.2286388852,0.2356399692,0.01509897132,0.01782226562,0.02026367188,6.823152081,0.3312988281,0.3342285156,4.862467448,0.142578125,0.6674804688,2.319335938,0.1206054688,0.3002929688,1.055438702,0.1318359375,0.2036132812,0.8961397059,0.1689453125,0.2111816406,0.8883334623,0.201171875,0.2219238281,0.5004882812,0.01000976562,0.9997558594,2.172851562,0.06518554688,0.751953125,3.837076823,0.1408691406,0.2346191406,1.826615767,0.1159667969,0.2651367188,1.397235577,0.1865234375,0.2727050781
per_seed,vanilla-flow-map,9,,vanilla-flow-map-9,/mnt/pdata/hmka3/flow-maps/outputs/box_avoiding_bezier_comparison/vanilla-flow-map-9_4.pkl,configs.box_avoiding_bezier_comparison,1,0.9999,4096,12345,0.4608128869,0.3745818583,0.2570519027,0.261366111,0.2744540696,0.2622091521,0.4752388892,0.3505084827,0.3066205664,0.3026964677,0.2919466772,0.2417459697,0.7481335902,0.5166731206,0.2510813525,0.248053438,0.216268813,0.3630713247,0.7390767966,0.2852112751,0.3297536839,0.3102764203,0.3220049283,0.3541734786,0.2229955994,0.2331695545,0.2482077894,0.2840004187,0.3067955595,0.01509897132,0.01782226562,0.02026367188,6.887018294,0.3735351562,0.3776855469,5.586751302,0.1633300781,0.6735839844,2.583451705,0.1306152344,0.3305664062,1.600999099,0.2297363281,0.34375,1.673560049,0.3288574219,0.4028320312,1.793104115,0.4067382812,0.4453125,0,0,0.9997558594,2.384440104,0.07153320312,0.8383789062,6.685384115,0.3071289062,0.4904785156,3.504527699,0.279296875,0.521484375,2.592585637,0.3815917969,0.5327148438
per_seed,vanilla-flow-matching,10,,vanilla-flow-matching-10,/mnt/pdata/hmka3/flow-maps/outputs/box_avoiding_bezier_comparison/vanilla-flow-matching-10_4.pkl,configs.box_avoiding_bezier_comparison,0,0.9999,4096,12345,1.211836544,0.7720686928,0.6483824117,0.579297751,0.5692136315,0.5320304841,1.146516542,0.6227558542,0.6414705547,0.5692695488,0.5409198722,0.2912364533,0.8097763041,0.5764864603,0.3120027034,0.3029879916,0.2703338671,0.5076892508,0.9242984569,0.4408111381,0.4676577467,0.4229090082,0.4244038657,0.6054220264,0.4004014798,0.2957971113,0.401886319,0.4027024345,0.4295161883,0.01509897132,0.01782226562,0.02026367188,12.86572387,0.42578125,0.4270019531,13.17138672,0.3308105469,0.673828125,4.98046875,0.1608886719,0.2561035156,1.712740385,0.1286621094,0.1794433594,1.120174632,0.1447753906,0.1796875,0.9412708849,0.1655273438,0.185546875,0,0,0.8891601562,7.975260417,0.2392578125,0.5056152344,6.652832031,0.1772460938,0.2612304688,3.502308239,0.12109375,0.2260742188,1.728703425,0.1396484375,0.2053222656
per_seed,vanilla-flow-matching,11,,vanilla-flow-matching-11,/mnt/pdata/hmka3/flow-maps/outputs/box_avoiding_bezier_comparison/vanilla-flow-matching-11_4.pkl,configs.box_avoiding_bezier_comparison,0,0.9999,4096,12345,1.640431342,0.6430100841,0.5419092293,0.4970334105,0.5138734985,0.4767060196,1.545819571,0.6322186001,0.5068295683,0.4972701165,0.5038395743,0.2976587028,0.8097901923,0.5708734414,0.2961805341,0.2911147696,0.2687669566,0.5156852486,0.8810620268,0.3829313274,0.4516908994,0.4126220352,0.4183481224,0.8057081884,0.3205430697,0.2783755931,0.3943402112,0.4024611813,0.4396790188,0.01509897132,0.01782226562,0.02026367188,9.806538342,0.2661132812,0.2670898438,10.4288737,0.2734375,0.6560058594,4.632013494,0.1938476562,0.3508300781,2.611365685,0.2895507812,0.4008789062,2.427045037,0.3842773438,0.4484863281,2.455909653,0.4494628906,0.4780273438,0,0,0.7409667969,6.355794271,0.1906738281,0.4343261719,6.079101562,0.2197265625,0.3657226562,4.19921875,0.236328125,0.443359375,3.181340144,0.37109375,0.4914550781
per_seed,vanilla-flow-matching,6,,vanilla-flow-matching-6,/mnt/pdata/hmka3/flow-maps/outputs/box_avoiding_bezier_comparison/vanilla-flow-matching-6_4.pkl,configs.box_avoiding_bezier_comparison,0,0.9999,4096,12345,1.861261356,0.7375492109,0.5207031302,0.4543148913,0.4560386124,0.4208079702,1.755021506,0.5556307441,0.4870459907,0.4538807704,0.43483849,0.2973771755,0.7972066305,0.5668971814,0.2546796875,0.2210375196,0.1605802549,0.9059074944,0.969183591,0.404083615,0.3429996815,0.2539396134,0.2446257732,1.34635766,0.5050405095,0.2708884172,0.2855208018,0.2799012685,0.298651245,0.01509897132,0.01782226562,0.02026367188,8.620964678,0.4477539062,0.44921875,17.67578125,0.3840332031,0.6677246094,5.790571733,0.1691894531,0.27734375,2.019794171,0.1589355469,0.2436523438,1.432770374,0.2143554688,0.271484375,1.264455059,0.26171875,0.2932128906,0,0,0.8234863281,5.875651042,0.1762695312,0.43359375,8.59781901,0.2185058594,0.3098144531,4.458895597,0.1831054688,0.3293457031,2.331542969,0.2253417969,0.3276367188
per_seed,vanilla-flow-matching,7,,vanilla-flow-matching-7,/mnt/pdata/hmka3/flow-maps/outputs/box_avoiding_bezier_comparison/vanilla-flow-matching-7_4.pkl,configs.box_avoiding_bezier_comparison,0,0.9999,4096,12345,2.261186154,0.6318762446,0.4836029423,0.4194454765,0.4245955606,0.3910527367,2.136850168,0.5720599556,0.424675323,0.4091011359,0.4092491849,0.2827724706,0.8539853187,0.5979399332,0.3218027109,0.3068644769,0.2680732475,0.5567913532,1.002357692,0.5248724924,0.4767243364,0.418391203,0.4107477682,1.028244702,0.5177987769,0.3399100327,0.3602119719,0.3540703307,0.3770915797,0.01509897132,0.01782226562,0.02026367188,10.13548891,0.3474121094,0.3479003906,13.1266276,0.3569335938,0.7734375,4.596502131,0.1652832031,0.2819824219,1.68738732,0.1628417969,0.2495117188,1.376761642,0.2199707031,0.2736816406,1.235931699,0.2648925781,0.2983398438,0,0,0.5834960938,7.267252604,0.2180175781,0.4604492188,5.700683594,0.1716308594,0.2731933594,3.560014205,0.1518554688,0.298828125,1.98035607,0.2080078125,0.3068847656
per_seed,vanilla-flow-matching,8,,vanilla-flow-matching-8,/mnt/pdata/hmka3/flow-maps/outputs/box_avoiding_bezier_comparison/vanilla-flow-matching-8_4.pkl,configs.box_avoiding_bezier_comparison,0,0.9999,4096,12345,0.9824269125,0.586567391,0.4515143038,0.3723954989,0.3726020276,0.3428698659,0.9374105588,0.5093106852,0.415114865,0.3756979455,0.3650475833,0.2782983965,0.8205805785,0.5615149774,0.2531411918,0.2376425411,0.196946606,0.5037121352,0.8866981027,0.319639368,0.3375877984,0.2912735087,0.3018076611,0.6626645682,0.3128023931,0.1755803521,0.2502942984,0.2605969086,0.2965896529,0.01509897132,0.01782226562,0.02026367188,9.079839464,0.2983398438,0.2993164062,11.49088542,0.3010253906,0.7521972656,4.549893466,0.1665039062,0.2561035156,1.369065505,0.1020507812,0.15625,0.8812997855,0.1215820312,0.1628417969,0.694713026,0.1499023438,0.1701660156,0,0,0.986328125,6.193033854,0.1857910156,0.4299316406,5.769856771,0.1730957031,0.2626953125,3.233753551,0.1240234375,0.2355957031,1.505220853,0.1296386719,0.2048339844
per_seed,vanilla-flow-matching,9,,vanilla-flow-matching-9,/mnt/pdata/hmka3/flow-maps/outputs/box_avoiding_bezier_comparison/vanilla-flow-matching-9_4.pkl,configs.box_avoiding_bezier_comparison,0,0.9999,4096,12345,0.849019365,0.5848749144,0.4827364815,0.4905969622,0.508606393,0.47566788,0.8263341311,0.4120568844,0.4452658206,0.4752338366,0.4827172241,0.2960177589,0.8584610958,0.5887273859,0.3335563326,0.3300163686,0.2997708948,0.4814885258,0.9279652911,0.4588460743,0.5003961312,0.4690990764,0.4728643513,0.5509089536,0.3774841978,0.3486085076,0.4194578862,0.4374046199,0.4556231023,0.01509897132,0.01782226562,0.02026367188,10.31880747,0.3312988281,0.3317871094,14.51009115,0.3474121094,0.8259277344,6.378728693,0.2504882812,0.4619140625,3.651780349,0.4187011719,0.5620117188,3.542911305,0.5463867188,0.6247558594,3.675887608,0.6259765625,0.6569824219,0,0,0.9936523438,7.32421875,0.2197265625,0.4975585938,6.697591146,0.2492675781,0.3681640625,5.382191051,0.3081054688,0.5397949219,4.268704928,0.505859375,0.6459960938
mean,constrained-flow-map,,6,,,,,,,,0.4783929985,0.4529904328,0.3438706636,0.3086063346,0.3141311312,0.2980870369,0.5056088127,0.4038922777,0.3364154054,0.3345792034,0.3259325818,0.2408997338,0.7259274357,0.5203917804,0.2816189471,0.2687920006,0.2326516805,0.3681537062,0.7527505115,0.3660481172,0.3754499065,0.3324624104,0.3327244346,0.3806368219,0.2613439872,0.2781130365,0.2902639822,0.3055206,0.3245537931,0.01509897132,0.01782226562,0.02026367188,4.431608966,0.3482259115,0.3543294271,3.677707248,0.1186116537,0.6223551432,2.276426373,0.151570638,0.3651123047,1.942482973,0.2794596354,0.3830566406,2.209153518,0.373453776,0.4277750651,2.422269815,0.428914388,0.4571533203,0.002034505208,4.069010417e-05,0.9997965495,1.761881511,0.05037434896,0.9038085938,6.446668837,0.3154703776,0.5262044271,3.628077652,0.3120930989,0.5245361328,3.101055439,0.4143473307,0.5214436849
std,constrained-flow-map,,6,,,,,,,,0.06018878584,0.08177132758,0.07869891055,0.08376945038,0.09613220518,0.0885823252,0.06500493464,0.06727114106,0.0857509159,0.09007757335,0.09680538807,0.02826879465,0.02874272005,0.02039731704,0.04755484336,0.05517964162,0.06189219163,0.03891282574,0.04652406233,0.09767672498,0.09341890365,0.09908293735,0.09973111937,0.06562184737,0.06073954342,0.04436517433,0.06716776633,0.0672126728,0.07317264984,0,0,0,0.4996281691,0.09479885422,0.09603161131,1.053009006,0.03790314983,0.06195698724,0.6425751975,0.04917998631,0.08456881127,0.9431551926,0.1403975166,0.1689537796,1.195172666,0.1858310598,0.2003923393,1.361266314,0.2072499637,0.2128596432,0.004983499639,9.966999279e-05,9.966998258e-05,0.1996553578,0.0015181281,0.0684710653,2.750727686,0.1627487931,0.2146137833,1.648644976,0.1622252758,0.2077791201,1.539116517,0.1955866251,0.2169170104
mean,constrained-flow-matching,,6,,,,,,,,1.863578328,0.6044912697,0.4986688504,0.4589305561,0.4657949405,0.4339733741,1.766456166,0.6780877832,0.453563698,0.4422170373,0.4446441274,0.2949037536,0.8082464385,0.5649988013,0.2913254988,0.2753770793,0.2364616397,0.6977979778,0.8937190591,0.4700176775,0.4388184718,0.3789938293,0.3754067527,1.146467984,0.4405404333,0.3209444475,0.3607164857,0.3593955816,0.3849922142,0.01509897132,0.01782226562,0.02026367188,8.100973559,0.3047688802,0.305867513,7.860649957,0.2238769531,0.6837972005,3.481963187,0.1654052734,0.3049316406,1.737467448,0.206624349,0.295328776,1.617471533,0.2717285156,0.3261311849,1.644605378,0.3165690104,0.3439127604,0,0,0.7572835287,5.449761285,0.1634928385,0.3774414062,4.267713759,0.1575927735,0.3060709635,3.065814394,0.1759847005,0.3345947266,2.123866937,0.2611897786,0.3591308594
std,constrained-flow-matching,,6,,,,,,,,0.7759920305,0.06884272001,0.0710449648,0.07694931534,0.07587427513,0.0733777177,0.7334334629,0.1239170301,0.08610992442,0.07591699159,0.07019201273,0.02611891528,0.0248455945,0.01289302148,0.03656381225,0.04320975288,0.05098481893,0.2606748324,0.06643504407,0.1065219532,0.0728700367,0.08642485069,0.08557262283,0.5058988122,0.1419814594,0.08439134732,0.07233256387,0.07752614872,0.07270945018,0,0,0,0.5957358054,0.08244722047,0.08252854758,0.9559227598,0.01378908326,0.07043504281,0.7255597324,0.04472766859,0.1081319747,1.228985871,0.1550855864,0.1813109767,1.440068279,0.1934017867,0.2032283471,1.553840396,0.2104151534,0.2122903837,0,0,0.1751092172,0.4283310772,0.01284993233,0.02652495481,0.9008219922,0.05112301191,0.08120055037,1.168896521,0.1016040912,0.1657607153,1.540171129,0.1827939679,0.2030443471
mean,vanilla-flow-map,,6,,,,,,,,0.5542506238,0.4918371718,0.3562740885,0.3041865572,0.3057408376,0.2886107021,0.5838633868,0.4431093649,0.3412652438,0.3264377945,0.3148687601,0.2487491889,0.7143189963,0.5088601327,0.2649053914,0.2547012476,0.2196232548,0.3902723978,0.7386297476,0.3291812692,0.3584808619,0.3155841664,0.319019673,0.4371099754,0.2376215596,0.2315113104,0.2624337302,0.2767366936,0.2995053167,0.01509897132,0.01782226562,0.02026367188,7.175542589,0.3926188151,0.3971761067,4.016113281,0.1138102213,0.5871988932,2.05448035,0.1072998047,0.2782389323,1.313664363,0.1842854818,0.2722167969,1.353703917,0.2542317708,0.3094075521,1.447560528,0.3062744141,0.3354085286,0.2217610677,0.004435221353,0.9997558594,2.514648437,0.07173665364,0.8555908203,5.655924479,0.2414550781,0.423055013,3.016616359,0.2291666667,0.4253743489,2.193040114,0.3035481771,0.4142252604
std,vanilla-flow-map,,6,,,,,,,,0.05039575659,0.1153849847,0.1029072034,0.07874111643,0.08333914829,0.07530734489,0.05750158629,0.05952070589,0.07403837299,0.07898512436,0.08224734164,0.02117630823,0.03777659348,0.01780592682,0.03516360055,0.03985815624,0.04668345167,0.03217427531,0.04134407054,0.07677639986,0.06423525952,0.06988638441,0.06906061504,0.05036204447,0.06537822643,0.05074452668,0.0487554032,0.04046577384,0.04502082863,0,0,0,0.425674944,0.03410196825,0.03495405473,1.049422951,0.03283429708,0.08217418268,0.4657772299,0.02396697567,0.05303118032,0.5103175278,0.07624076922,0.1029951723,0.6483980188,0.1145696227,0.1325154892,0.734065485,0.1424271921,0.1510508458,0.2022711585,0.00404542317,1.216188389e-16,0.2678880223,0.003925783271,0.07354863463,1.776159169,0.1082120926,0.1604035058,1.081652448,0.1025011168,0.1559090263,0.9548897768,0.1338493416,0.1687822146
mean,vanilla-flow-matching,,6,,,,,,,,1.467693612,0.659324423,0.5214747498,0.4688473317,0.4741549539,0.4398558261,1.391325413,0.5506721206,0.4867336871,0.4634088923,0.4561019881,0.2905601596,0.8249666866,0.5770732299,0.2952271934,0.2816106112,0.2440786378,0.578545668,0.9319275268,0.4218640025,0.4295094323,0.3780390741,0.3787995903,0.8332176831,0.4056784045,0.2848600023,0.3519519148,0.3561894572,0.3828584645,0.01509897132,0.01782226562,0.02026367188,10.13789379,0.3527832031,0.3537190755,13.40060764,0.3322753906,0.7248535156,5.154696378,0.1843668619,0.3140462239,2.175355569,0.2101236979,0.2986246745,1.796827129,0.2718912761,0.3268229167,1.711361322,0.3195800781,0.3470458985,0,0,0.8361816406,6.83186849,0.2049560547,0.4602457683,6.582980686,0.201578776,0.3068033854,4.056063565,0.1874186198,0.3454996745,2.499311398,0.263264974,0.3636881511
std,vanilla-flow-matching,,6,,,,,,,,0.5473698456,0.0783406191,0.06978984057,0.07130426041,0.07056620829,0.06824580041,0.5093399022,0.0815510545,0.08372278108,0.0681560241,0.06499161106,0.008223171151,0.02535700619,0.01382484371,0.03427255287,0.04273286116,0.05323462652,0.1622536448,0.04702196169,0.07017006177,0.07090134891,0.08492166979,0.08653678064,0.304230962,0.08847660003,0.06227887736,0.06879369282,0.07192043651,0.07108675225,0,0,0,1.483518912,0.07115382077,0.07137185779,2.534320892,0.03989141269,0.06918292287,0.7594093255,0.03442899335,0.08038385846,0.8362253032,0.1208178587,0.1547497569,1.005089629,0.1629329977,0.1777588321,1.137197197,0.1841791438,0.1875395892,0,0,0.156987092,0.8109773568,0.02432932072,0.03391689458,1.074346413,0.03221904011,0.04979503261,0.796276943,0.07301881086,0.1233755818,1.046463589,0.1470426104,0.1737025575
